,downtime,escalation time,error code,description,machine,employeeID,timestamp
0,40,15,100 - Machine Fire,Help! Machine is on fire!!,Cadillac,,2022-10-21 11:25:05
1,5,0,101 - Tripped,Tripped and sprained ankle.,Ford,,2022-10-21 12:28:00
2,5,0,101 - Tripped,Tripped and sprained ankle.,Toyota,,2022-10-21 12:28:00
0,30,10,100 - Machine Fire,Help! Machine is on fire!!,Cadillac,,2022-10-21 11:25:05
1,15,2,101 - Tripped,Tripped and sprained ankle.,Ford,,2022-10-21 12:28:00
2,10,5,101 - Tripped,Tripped and sprained ankle.,Toyota,,2022-10-21 12:28:00
0,20,20,100 - Machine Fire,Help! Machine is on fire!!,Cadillac,,2022-10-21 11:25:05
1,5,10,101 - Tripped,Tripped and sprained ankle.,Ford,,2022-10-21 12:28:00